ID,NOMBRE,PDF_URL
134,PÁJAROS CANTORES,https://drive.google.com/file/d/1__5x7qWV6zqH-P3t4bmBFMtDT-Mg4trg/view?usp=drive_link
152,DO DE LI DO,https://drive.google.com/file/d/1_28mQeCFGiSfzyeaTqEEjefAkaFekgW1/view?usp=drive_link
115,BANDIDO,https://drive.google.com/file/d/1_8HksJpyzgbTjDKG4r-0xd9ORN5yhxOx/view?usp=drive_link
45,IMAGINE,https://drive.google.com/file/d/1_IQI5gxIR5Kx2pd7YE5lv2kLjxONtq2I/view?usp=drive_link
36,FRUI10,https://drive.google.com/file/d/1_q9_xxb9tff7GzxTyRAiCFB3JGoEgh7Z/view?usp=drive_link
233,PUSH,https://drive.google.com/file/d/1_Wg62CD1ii_g0VngeisGUCGdPVExEOyr/view?usp=drive_link
64,MAGUITOS,https://drive.google.com/file/d/1-6xd5pjZHSUSvpb3GYdfSvXx6_ge7xn1/view?usp=drive_link
186,VACA LOCA,https://drive.google.com/file/d/1-ClRFIheiP09pwaV42r9Uo8Z29CulIqR/view?usp=drive_link
199,CONSTRUCTORRES,https://drive.google.com/file/d/1-o3r5sy8vpDxO0HAQVgKqrkoE4LabSbM/view?usp=drive_link
208,CONDORITO RASCA CIELOS,https://drive.google.com/file/d/103z47HoJpTvKImnZCG1n4gK7r_du5BZo/view?usp=drive_link
307,SCRABBLE,https://drive.google.com/file/d/109ak1a325-doQ38amXfPF2SVw1bvhVek/view?usp=drive_link
169,ATRAPA AL RATON,https://drive.google.com/file/d/119FSRI6p2vSShhaI_4m_QijqlxPYJRqy/view?usp=drive_link
82,SUSHI GO!,https://drive.google.com/file/d/11MCOcsgtCgWR2BPrZm0OT9jkQXcr4q5B/view?usp=drive_link
61,LOS TRES CERDITOS,https://drive.google.com/file/d/129-9x4G3onZYu_f0ZQOZBrzXhL4c1ME1/view?usp=drive_link
104,LA DAMA Y EL TIGRE,https://drive.google.com/file/d/12leKMsOjWibhQlxYCeKv5b4EydvE6EnW/view?usp=drive_link
40,HIPPO,https://drive.google.com/file/d/12zwm1-dJoK67ozm5BeGxwLR8IDNxJcT7/view?usp=drive_link
98,DEAL MAKER,https://drive.google.com/file/d/13_JlVZOOeImipfaKiN8zGRjjv_tPcCOw/view?usp=drive_link
300,OUCH !,https://drive.google.com/file/d/130QoZ2hgjqXQCPZtA1LOdyCsNElKlB_p/view?usp=drive_link
232,NO SIN MI GATO,https://drive.google.com/file/d/13DKADnhxF3OsfwhUQQv_ToKDxAmjrMda/view?usp=drive_link
194,ABLUXXEN,https://drive.google.com/file/d/13FvijMmUjX42PeKRSKslrJONop-LH3sl/view?usp=drive_link
9,CHICKYBOOM,https://drive.google.com/file/d/13IrWY64CvqcybSIByBdzVR8-a2NnwT8l/view?usp=drive_link
171,VIRUS,https://drive.google.com/file/d/13Qohj89nIjyoVOXPQQJKF6DHKi8IdQke/view?usp=drive_link
256,MONOPOLY CHILE,https://drive.google.com/file/d/13rGmRkttYsJuc3ECXnufbAGujoG1dNZj/view?usp=drive_link
308,ALAKABLAST,https://drive.google.com/file/d/144akXfHFTgyusd3xn5j02GezLioWozsz/view?usp=drive_link
253,CARTEROS,https://drive.google.com/file/d/14cdjpzY8PrL8N8_xZ2x1lBxff2FzB9XJ/view?usp=drive_link
295,LIGRETO,https://drive.google.com/file/d/14CQufAhqsXvwIVojCBuMbrXtId7zAw3J/view?usp=drive_link
180,MANOS ARRIBA,https://drive.google.com/file/d/14eiRjCy4Ik8XWFkkLyDn3lEywPMHbVcx/view?usp=drive_link
258,RAMEN FURY,https://drive.google.com/file/d/14RxvqGoMJqko7QTJQ65Bi9TDq6RkHumF/view?usp=drive_link
262,COLORETTO,https://drive.google.com/file/d/14wS35oYU0sfZM49dxKF2cCiidvPMDQVY/view?usp=drive_link
289,PANTOLINO,https://drive.google.com/file/d/15CS_0TnvPlVVzVkXUeWfH7fDIIBUTDi3/view?usp=drive_link
192,ROBOTS,https://drive.google.com/file/d/15eCxgV_KPNa-CPC_TW1XljAxPIO2_nRw/view?usp=drive_link
294,VROOM VROOM,https://drive.google.com/file/d/15ghc7m4Zgg9c2-FblSE-4-wUhGbrmjAg/view?usp=drive_link
21,DOBBLE,https://drive.google.com/file/d/15lPNy85PRRtIT920aYIJIL3tfZ5_UG11/view?usp=drive_link
197,HAPPY SALMON,https://drive.google.com/file/d/15nocJ_c2Ja0DfvDYJNiRJdwJc-BzjPF5/view?usp=drive_link
187,TIMELINE CHILE,https://drive.google.com/file/d/15UF9qm6FYxpExDN3sx_8cf5DRGSUrtPO/view?usp=drive_link
290,RÄUBER RAUPE (ORUGA LADRONA),https://drive.google.com/file/d/16b-PwdGz-knQH5M6Ez3prZUd5xP3khRh/view?usp=drive_link
234,POLAR PARTY,https://drive.google.com/file/d/16dgO7XokMQsZHDd8SD1_6qR6X-49daqS/view?usp=drive_link
117,ATAQUE,https://drive.google.com/file/d/16k4fsdv8A7f1qMjGUq5UgDfmKN9SMddD/view?usp=drive_link
110,PICK A FOCA,https://drive.google.com/file/d/16mZe0iFBptacUTldjmA-fTvD9FFx-VDg/view?usp=drive_link
255,BOLSA DE PAPITAS,https://drive.google.com/file/d/16o7u2QgwfIUL4G5AeFtQ9MIRrprGhO6y/view?usp=drive_link
265,EL CURSO DE LA HISTORIA,https://drive.google.com/file/d/16vMMtN3mSc7y633-nhbu8lWTj9I_-v0Q/view?usp=drive_link
87,TIMELINE: MULTITEMATICO,https://drive.google.com/file/d/17-dRJLd7VpSOF7o-bYFJAsWBZgOX4fuN/view?usp=drive_link
93,AGE OF WAR,https://drive.google.com/file/d/17AjeBDqGAWQbYF7KgbFoJVHhwJRvt_8l/view?usp=drive_link
168,HOP HOP HOP,https://drive.google.com/file/d/17iRpzxrlu0BaFqvwrCcMDK_vVbM-mEwt/view?usp=drive_link
218,DOGGY STYLE,https://drive.google.com/file/d/17mFJgk9k7KXDQ_B76q3VI-84DhKHvrQB/view?usp=drive_link
190,ENIGMAS MISTERIOS DE LA CIENCIA,https://drive.google.com/file/d/17SYaGy7UuJ0r7p_heVYy5PaGoWHJz8Z8/view?usp=drive_link
283,AZUL,https://drive.google.com/file/d/18UD6yiB331E3Il1bgJ1IxstUsa94xu8o/view?usp=drive_link
167,MOSQUITO,https://drive.google.com/file/d/19_pdh_fjyIvOQw6cHyVkVNIHv3XOYxbs/view?usp=drive_link
270,"JUNTA, EL JUEGO DE CARTAS ",https://drive.google.com/file/d/1a-46TjsjrI8LqGTMfyLJdCqlBqwB5aCZ/view?usp=drive_link
75,POLILLA TRAMPOSA,https://drive.google.com/file/d/1A4Rl21YpqXQnK0qhIHIif0F5UULT7Z8a/view?usp=drive_link
126,FOREST,https://drive.google.com/file/d/1a6bL821vuoN6xyFUXXCGYz7HntjfypbH/view?usp=drive_link
210,TOTEM ZEN,https://drive.google.com/file/d/1ag0j8q9_4xxmJNVzAOVLMU-QE1WBJqhn/view?usp=drive_link
185,THE GAME,https://drive.google.com/file/d/1AnBMl5o8YFeLgfOwul3kYeQjUf2W_I5y/view?usp=drive_link
301,LA FERIA DE LAS PULGAS DE TITIRILQUEN,https://drive.google.com/file/d/1anNXOtRov458oRVFUpV0qTwwynGOxKMJ/view?usp=drive_link
97,PANIC MANSION,https://drive.google.com/file/d/1anuyn1s0fOt7DzqVoBglboFKZ9GN5fk_/view?usp=drive_link
8,CHECKPOINT CHARLIE,https://drive.google.com/file/d/1AUPjSkNQKPdgfpAo2lHcekFLhCEGAb9P/view?usp=drive_link
3,RESCATE,https://drive.google.com/file/d/1biNi4DQKfizwtXh7-j0QXgzYEaVCNKpk/view?usp=drive_link
291,BISS 20,https://drive.google.com/file/d/1bUU0ILXc2Uj1Wc-D0FpEj6REyzQu5I36/view?usp=drive_link
59,LEO VA AL BARBERO,https://drive.google.com/file/d/1c1IroDELFFqfnZVQQApPe060DeJfHaxv/view?usp=drive_link
164,GOBBLET GOBBLERS,https://drive.google.com/file/d/1CA5nzpGSjHTqzuWSyyzyi3rM38kPRkSK/view?usp=drive_link
202,VIRULENCE,https://drive.google.com/file/d/1cd7kC9ZpuG3Whadi1d-QKodg_TXZApg5/view?usp=drive_link
20,DIXIT ODISSEY,https://drive.google.com/file/d/1cEEcZgiCLaVQPQK6dvSWbPq3CnQaKRzq/view?usp=drive_link
147,SCOTLAND YARD,https://drive.google.com/file/d/1CITTSs9GpvmJ0eJBL3GxsxPswcJYSuqj/view?usp=drive_link
244,PIXEL TANGRAM,https://drive.google.com/file/d/1CjeDPj6LwC8Lw8kmLoEUfN0Zr54FMuVv/view?usp=drive_link
214,TOPITO,https://drive.google.com/file/d/1COt9PUTo1xhjRKgDqg5nzaeEQTnoVtM4/view?usp=drive_link
151,EL MONSTRUO DE COLORES,https://drive.google.com/file/d/1cpO34o75p66r7xyeL_X5cR2d9MfJ12EK/view?usp=drive_link
306,BANDIDA,https://drive.google.com/file/d/1cXdVFj9AIdE0pU33UknzKJBsKPWjOYmp/view?usp=drive_link
62,LOVE LETTER,https://drive.google.com/file/d/1CXsEKMn8bCyYInCkpn3bu2JHO_zGvBnd/view?usp=drive_link
116,ANIMAL SOBRE ANIMAL,https://drive.google.com/file/d/1d-Xxqk-3KZDRHwwCXWTAkFDc3HpNo2Pp/view?usp=drive_link
263,ACADEMIA NINJA,https://drive.google.com/file/d/1D0aPDOpnrSr93sVKRkfwRQXKMjfLWJZP/view?usp=drive_link
239,LA LIEBRE Y EL PUERCO ESPIN,https://drive.google.com/file/d/1d5AK0itHLgZMTUyKDraRIzV6Kck7mWil/view?usp=drive_link
229,BURRO DE CARGA,https://drive.google.com/file/d/1dekGXzEi8OGfrSVz4Tlc8arPu-tzHSiT/view?usp=drive_link
310,BRAIN BOX,https://drive.google.com/file/d/1Dg6DlP2Ue_QA7Q2N9jTkIqo-MpJouBBD/view?usp=drive_link
299,TUCANO,https://drive.google.com/file/d/1DI_tuWB3HvZCXj2PGsGCm7yUvcaccQEO/view?usp=drive_link
241,HILO,https://drive.google.com/file/d/1doJcLEbK7PfeH613ydZNOmmqjmJB2DpX/view?usp=drive_link
140,WINSTON,https://drive.google.com/file/d/1dPwhsbotgAKFm06uyN5wtxosGviPdZjg/view?usp=drive_link
52,KARUBA JUNIOR,https://drive.google.com/file/d/1DSa9VGca387BWAN-QTzdgwyuePjzweYu/view?usp=drive_link
161,KARIBA,https://drive.google.com/file/d/1dvd8zOF8o3UXXShfh2ZQewloxnUSH7Y-/view?usp=drive_link
246,BITCOIN,https://drive.google.com/file/d/1DvuoxgCyl8h0hhjgyGBbk5WTab8QK0I-/view?usp=drive_link
108,CUCU TRAS,https://drive.google.com/file/d/1DvXMAeD_cMUovqk4lV81LVlaJTOxbvta/view?usp=drive_link
17,CORTEX KIDS,https://drive.google.com/file/d/1DwhKKqGLyea76FSjQc0RjTacBMWMEcCT/view?usp=drive_link
90,UN IMPERIO EN 8 MINUTOS,https://drive.google.com/file/d/1DxvL7PJ-VT0foVQAV9CzLwTiRNFh15b2/view?usp=drive_link
119,BIOVIVA,https://drive.google.com/file/d/1DYNJnYQ9uQ8-7bwt0W8muoOu-yMGYnH9/view?usp=drive_link
166,LOTTO,https://drive.google.com/file/d/1E_vUyC6-Zm2Uz-XWJh4TjZeVgOTy4q9I/view?usp=drive_link
279,MAREA ALTA,https://drive.google.com/file/d/1E4Ehz6gPxVGAE2DRV2SkZIFkO_hwuZ9d/view?usp=drive_link
226,HANDS UP,https://drive.google.com/file/d/1e5tf0jB2sAFmjix08x0qIpkuH0hxeuz8/view?usp=drive_link
205,HULA HULA,https://drive.google.com/file/d/1eUE9HdE0Ymc29tyqmEcUlmikIOV5pZX2/view?usp=drive_link
178,HOTEL DE INSECTOS,https://drive.google.com/file/d/1F5p3wAUu97oEsoFJT4Du_4TdhIKAkkNZ/view?usp=drive_link
7,CATOWL,https://drive.google.com/file/d/1FfoWo_pKZvfrYgho33AZ5RBYuO3HQU3O/view?usp=drive_link
141,SERPIENTES Y ESCALERAS,https://drive.google.com/file/d/1fhiK9g7wRZYjjaCMKATdPnO_gaMkuXw5/view?usp=drive_link
174,SABOTEUR,https://drive.google.com/file/d/1fnDcolKHdtNowGAoDARk6vY9rpuAelVO/view?usp=drive_link
100,CATAN,https://drive.google.com/file/d/1FUc3UlwaNzu9VpLZrppgz_t-z2X8b578/view?usp=drive_link
264,DANY,https://drive.google.com/file/d/1FvkgTXN9MUY51xzm6gIshcTF5Up_NdlP/view?usp=drive_link
137,RHINO HERO,https://drive.google.com/file/d/1fvMOBktybdjb7ooi5CZDEcfcVm9LHyvx/view?usp=drive_link
177,MISTIGRI,https://drive.google.com/file/d/1FYC75KE33Oh1IntNc0AIQFWwVQ-A3_IT/view?usp=drive_link
220,STICKY CHAMELEONS,https://drive.google.com/file/d/1FyJq5tBvGaIUjWd3bT7d85wEhvjtrvy-/view?usp=drive_link
165,CACOPHONY,https://drive.google.com/file/d/1fyqBnM4cyvqPYnwE6dTyzUa3CJqzlc9c/view?usp=drive_link
260,TORI TORI - ESPECIES EN PELIGRO,https://drive.google.com/file/d/1fZe7Ps9i5UgBxrtGOELHkUtH7BnewrDu/view?usp=drive_link
133,MATRIOSKA,https://drive.google.com/file/d/1g0wP0XknouwNWqaeew8Npq7VC73fXq0w/view?usp=drive_link
129,LA LIEBRE Y LA TORTUGA,https://drive.google.com/file/d/1gbQrkMbK2Qik3BjPGAK9Zspmn0zUhZsi/view?usp=drive_link
281,CONTRAST,https://drive.google.com/file/d/1gcjJRJK7oiFcSFXEi6BwXkpyjYcI0fgM/view?usp=drive_link
303,MONSTER CHEF,https://drive.google.com/file/d/1gFLSvXqG6EHajKcyTdy2RPDn95d23G6R/view?usp=drive_link
222,SPEED CUPS,https://drive.google.com/file/d/1GGr6H3A-K-LsWYtp9Y-vUtIvCgSUzjc2/view?usp=drive_link
221,SPEED CUPS,https://drive.google.com/file/d/1GGr6H3A-K-LsWYtp9Y-vUtIvCgSUzjc2/view?usp=drive_link
50,KABUKI,https://drive.google.com/file/d/1GIFTI1cYQGNO4w_fUsa41ce9aBm7omSX/view?usp=drive_link
102,OJO DE CONDOR,https://drive.google.com/file/d/1gKJv8a_ZQ8pWuLa9aYfWw1xsrDZEyrdq/view?usp=drive_link
84,TIMELINE: CIENCIA Y DESCUBRIMIENTOS,https://drive.google.com/file/d/1gnNrchTfcFh1Q8cBUNvLwHDtXrE8iteu/view?usp=drive_link
162,CONECTA2,https://drive.google.com/file/d/1GoMkiZjv3UDrupMWA_euKwwd4E4VlfgU/view?usp=drive_link
235,LOGICA LA GRANJA,https://drive.google.com/file/d/1GWHtqRjcBeeLvq-k0c9PPo8n2EJcEx8C/view?usp=drive_link
284,BANANAGRAMS,https://drive.google.com/file/d/1H5xGBwls4QGIaGKwEezp6KK-FGadacPO/view?usp=drive_link
149,BLANK,https://drive.google.com/file/d/1HajQ3EqLR_vQi7_WjIma76Snpi1aXe4u/view?usp=drive_link
44,IMAGIDICE,https://drive.google.com/file/d/1HbjtBf4cfEEuDilIR8s9fBvlKruf1rjg/view?usp=drive_link
138,SET,https://drive.google.com/file/d/1hDGzlyuulAIAcDrDhrxBQnxYSLm6p1F7/view?usp=drive_link
172,MIXMO,https://drive.google.com/file/d/1HDSMqEycNaWiJGtAghA0EpmivAmAOJUt/view?usp=drive_link
198,SABUESOS,https://drive.google.com/file/d/1He5h2J8b7Geyv7Nhsom-hqlEeAk75xMt/view?usp=drive_link
213,SEGUNDON,https://drive.google.com/file/d/1hhJbn5JbJx4I5mUHthOo2P5C7ut0q723/view?usp=drive_link
153,KAKER LAKEN TANZ,https://drive.google.com/file/d/1HmycfFQLmB3T-AXY3Ri0ohMhOvmET5Od/view?usp=drive_link
79,SPOOKIES,https://drive.google.com/file/d/1hsoSkUgfQqznQ_VB5t0MQ_U-4OnzfSv6/view?usp=drive_link
179,CRAZY CLACK,https://drive.google.com/file/d/1i4RrCsLHg5UdcQUPNZFvnCYMMrw1PfRy/view?usp=drive_link
297,ANIMOUV,https://drive.google.com/file/d/1I7ZTbGK4Sle71OQ9h3lsmipnx-c6rOQI/view?usp=drive_link
123,ZOMBIE FLUXX,https://drive.google.com/file/d/1iBW6QlqPAlsi1LiCbp9xg5QCtHCPC97v/view?usp=drive_link
6,CARCASSONNE,https://drive.google.com/file/d/1IhQ9EDCqUGqIF1f1WBHi-1KurOC7V8UA/view?usp=drive_link
248,MONSTERKID,https://drive.google.com/file/d/1Ij_v121P4Y6p1QrPUdJ1W8TQfHZRNEiH/view?usp=drive_link
10,CÓDIGO SECRETO,https://drive.google.com/file/d/1itv80EMt7nY1AZC0q4rMpEgrxRjnYqwu/view?usp=drive_link
121,DADOS ZOMBIE,https://drive.google.com/file/d/1iv6X9i4o1GT5nWFKoqv8WZeQzA-HuhnZ/view?usp=drive_link
243,GANZ SCHÖN CLEVER,https://drive.google.com/file/d/1iZtavDnoFd9f7VB6-NX1bvrRVRLm6Bin/view?usp=drive_link
128,LA TARTA DE LOS MONSTRUOS,https://drive.google.com/file/d/1j2I9nz9S8eQduyVaqxH2NxX3SIodoNjo/view?usp=drive_link
207,CORRALES A TOPE,https://drive.google.com/file/d/1jbbQOlYAdSr1GA6OmstCWf7Zwhr2cWsU/view?usp=drive_link
22,"DOBBLE 1, 2, 3",https://drive.google.com/file/d/1JFNXzxkRHlOa9VQVo9PDfz0IZQbOyOAv/view?usp=drive_link
154,TWISTY,https://drive.google.com/file/d/1JmaSVKxk531vN9FTF_ON3NYn6u-zqAC3/view?usp=drive_link
212,SIZE UP,https://drive.google.com/file/d/1JpIruOWoYJQTcoZg2pXWK9f912fWxoU5/view?usp=drive_link
257,BIENVENIDOS A LA MAZMORRA,https://drive.google.com/file/d/1JpMLYZ3OGPIIDugFNxIwGYOuKnSGkLLZ/view?usp=drive_link
215,ENSALADA DE PUNTOS,https://drive.google.com/file/d/1JWI6c2G0yhQyGUrzS_xfAOdJP3DxHx6s/view?usp=drive_link
60,LOS INSEPARABLES,https://drive.google.com/file/d/1JZAY-meQMRKga_Xz94B-E2YlbXBY5FN4/view?usp=drive_link
159,TRIPLE DOMINO,https://drive.google.com/file/d/1KDlVNBEAYOoNfT0-IdHBDYl1CCancprG/view?usp=drive_link
261,LA TRIPULACIÓN,https://drive.google.com/file/d/1klYCpE4t5R0oVEilqQRwIzgWGXHEsGyH/view?usp=drive_link
158,EL GRAN PIRATA,https://drive.google.com/file/d/1kNKzgFR7IftvJz_t3jeteEXjxzeiup6D/view?usp=drive_link
223,SUPER GATOS,https://drive.google.com/file/d/1knuvWdczr3cKgafJbnTMiEBmEQFVlRlG/view?usp=drive_link
125,FILA FILO,https://drive.google.com/file/d/1KsI7dh-5UwkDl5_rCERIDYAO7Ah5llkw/view?usp=drive_link
12,CÓDIGO SECRETO: IMÁGENES,https://drive.google.com/file/d/1kUl_7BXrumZRnWIYY7PhdyCGNYJxFlLU/view?usp=drive_link
193,JUST ONE,https://drive.google.com/file/d/1kvcvySUcSnTt48kvEpEkuGwWq7w4CBH9/view?usp=drive_link
245,SIMILO HISTORIA,https://drive.google.com/file/d/1KZveY8EaAC81fjd_ajVZygFPZEGpfrcf/view?usp=drive_link
175,JUNGLE SPEED,https://drive.google.com/file/d/1lFJ8OkhFDoCxpHJ3_4yJlyrSmELvxs5e/view?usp=drive_link
184,ILUSION,https://drive.google.com/file/d/1lkSIrzpKh1EiDvbPhuUnYZQsh7jyivxH/view?usp=drive_link
196,KLASK,https://drive.google.com/file/d/1LNT-fKlPe7Ei8BpzFgG21neTGDGUsBON/view?usp=drive_link
228,ESCALERA ENCANTADA (VERSIÓN METÁLICA),https://drive.google.com/file/d/1lTk9FPNzuX8Yiwddz-v_ml0I7kPPcow6/view?usp=drive_link
148,SI SEÑOR OSCURO,https://drive.google.com/file/d/1m1D2Zm74LLMFUqCgzAgRvtIl4wTOEv5j/view?usp=drive_link
47,JOOMBA,https://drive.google.com/file/d/1m2jpedheLL524Pu_r5s8yk6p_35zWSh7/view?usp=drive_link
273,SAY MY NAME,https://drive.google.com/file/d/1m9CbG0J07L4p-A1VGa5fpcAokjYH3LbU/view?usp=drive_link
209,LA BATALLA DE PELOTILLEHUE,https://drive.google.com/file/d/1mNtrRLKuUc6Lwbt-eGw1nqFeM5aIT_0W/view?usp=drive_link
49,JUNK ART: EL ARTE DE RECICLAR,https://drive.google.com/file/d/1NBe6uQAlzoJGdLsL135zqbJatHM4eVMw/view?usp=drive_link
131,LA RESISTENCIA,https://drive.google.com/file/d/1NbPcWG3P4zXDQ08YinxBOiykpj00scEE/view?usp=drive_link
99,GOTOWN,https://drive.google.com/file/d/1ndvVYBMAQ8MPTwmfBj3U4OHCNAcIpoEb/view?usp=drive_link
274,UBONGO,https://drive.google.com/file/d/1NE4iwzeMcoRHVGraNTKu9LKMnpsprp2M/view?usp=drive_link
66,MI PRIMER FRUTAL,https://drive.google.com/file/d/1NH4wVgD2s7d11U_gttQ4zXzaHnGvzRxH/view?usp=drive_link
2,AVENTUREROS AL TREN,https://drive.google.com/file/d/1NMUEGzsK72rg_HfTnEExmriD5RbeCNRV/view?usp=drive_link
142,RALLYE,https://drive.google.com/file/d/1nOzdJU6jfJHdxMNcxpTSXskNv0ZOcEhN/view?usp=drive_link
269,ISLA TUCANA,https://drive.google.com/file/d/1NQF1K3PBQIk-qykvjGZVwnUv85GlS8Kc/view?usp=drive_link
145,TAKENOKO,https://drive.google.com/file/d/1O90_RJenp98Agq9NNQhd_v_svZRijZxa/view?usp=drive_link
259,QWINTO,https://drive.google.com/file/d/1OEa5WMtIPMXiyZwSgLxCVCbPn13cQYqY/view?usp=drive_link
139,UNICORNIO DESTELLO,https://drive.google.com/file/d/1OgiLhfbr0Ni83KZ3i4eICr9o3G0Q_9T7/view?usp=drive_link
275,TELESTRATION,https://drive.google.com/file/d/1P5IuDz6GV_ukIiIp2Oj_gsUVx_fjq35j/view?usp=drive_link
191,YOGI,https://drive.google.com/file/d/1pFHoajvEKE6F7nnZ1Yuf_zrv9TittpXs/view?usp=drive_link
236,RIVER ROADS Y RAIL,https://drive.google.com/file/d/1pKB0NlfYQJpL4h3TFl1vzNOxdKdB74ZZ/view?usp=drive_link
96,THE MIND,https://drive.google.com/file/d/1PpJCkjbdfPEtM5_Iab1ftepvaQkZJkcw/view?usp=drive_link
112,BOHNANZA,https://drive.google.com/file/d/1pqIrgJxBni-aPZ-Gh2FqvVMNzAdVOQ_E/view?usp=drive_link
127,KING OF TOKIO,https://drive.google.com/file/d/1Pz-56bDEQo-jx53GMaCvsLv-GgnBsFGo/view?usp=drive_link
14,CORTEX,https://drive.google.com/file/d/1Q-W0z1v0r_zwFebusp8ogNSBo2MDqnEX/view?usp=drive_link
81,STORY CUBES,https://drive.google.com/file/d/1q04SSd0m0U54dP-E2AK4LbjmCtXmdF9x/view?usp=drive_link
31,ÉRASE UNA VEZ,https://drive.google.com/file/d/1q2kXvmJ9-ue35ww2-rl9dgwePbZbvmtO/view?usp=drive_link
48,JUGUEMOS + CERCA,https://drive.google.com/file/d/1q5Pg3kVzRCuRiN_df118OzfatnlleDJt/view?usp=drive_link
225,TRAMPA DE ABEJORRO,https://drive.google.com/file/d/1QbJ0Ih0CEi0bWGZlxknJnnS2GR72imPy/view?usp=drive_link
43,IKONIKUS,https://drive.google.com/file/d/1qJcJW5LniiH1G7tCFy5akUV3f8GnqGb6/view?usp=drive_link
92,WHEN I DREAM,https://drive.google.com/file/d/1qM51-yRWJzjvToCo3Bx14ZqANTcEnOrp/view?usp=drive_link
85,TIMELINE: EVENTOS,https://drive.google.com/file/d/1QM9vCgt2v_mAHG-3Iojzr7W6mKsJ7Cap/view?usp=drive_link
95,WIZARDRY,https://drive.google.com/file/d/1qQeLxoWmxoswUZHM0j6fLt6Tt7bya85b/view?usp=drive_link
170,LA TORRE DEL DRAGÓN,https://drive.google.com/file/d/1Qu4WJ541Kfs7sASiR8VpNxaMuK4szp35/view?usp=drive_link
37,GALLETAS,https://drive.google.com/file/d/1R_oQKQMP1IrWTngk3WqX_SRJuLeB1yv3/view?usp=drive_link
27,EL FRUTAL,https://drive.google.com/file/d/1r3SR55nUE9DTJYazXy4mff0PZIP1ehxL/view?usp=drive_link
39,HANABI,https://drive.google.com/file/d/1r9zo_PRQorutdZZqxK9stgsh_loVHfCi/view?usp=drive_link
150,LLAMA,https://drive.google.com/file/d/1Rb816-nlp5btGJYbYDEj59S-Zp0oVZ6i/view?usp=drive_link
77,SIMPLEMENTE GENIAL,https://drive.google.com/file/d/1rMYfC2jp_PzQhqzrAfxVVqANItfV8Rll/view?usp=drive_link
157,PUNGI,https://drive.google.com/file/d/1rOKDjtSnVONSUBRs1w2bz0aw8kgqiB4K/view?usp=drive_link
13,CONCEPT,https://drive.google.com/file/d/1RuFETQAHpb1bhF4oWtwx-a2yeibhLp2I/view?usp=drive_link
181,DICE ACADEMY,https://drive.google.com/file/d/1ryJBv_YtvxC5yVNcHb2oqM9bwZcfjXhk/view?usp=drive_link
231,DOMINO,https://drive.google.com/file/d/1S8YqAH7tMMN14-Wti37S-Z7kb0Z2Mvxo/view?usp=drive_link
173,QUIEN FUE,https://drive.google.com/file/d/1sbbGwJQAX0YGHQCY6MplSgxqYQ6nR5IF/view?usp=drive_link
176,CIUDADELAS,https://drive.google.com/file/d/1SFnJJTBlf9wsfs8AptzWUfebW4enpbl0/view?usp=drive_link
24,DR. EUREKA,https://drive.google.com/file/d/1SI-HUAaRLuKs7Oo0R6ABIroIfNmnzprE/view?usp=drive_link
56,LA ISLA PROHIBIDA,https://drive.google.com/file/d/1sJLf8kE7mdPVEexWmJ6-BzAmVpfbeiQz/view?usp=drive_link
67,MONZA,https://drive.google.com/file/d/1sN94_qPCkMUOl3oBjUPDmrFA0KQ4SaQ_/view?usp=drive_link
120,CHROMINO,https://drive.google.com/file/d/1sOCwD9hj0zMPE99JD_S_yvvz-njDGBmi/view?usp=drive_link
18,DANZA DEL HUEVO,https://drive.google.com/file/d/1sqhCgPhK7T9oWM4hm_Mnpwh_uJxsK-eq/view?usp=drive_link
135,PIKO PIKO,https://drive.google.com/file/d/1srR8ScQcZz27AUITLHnFzJREGK_DoQBf/view?usp=drive_link
160,COCONUT PIRATE,https://drive.google.com/file/d/1SUGlIvXmswxpRo_y65VrLpWOexfRhcc9/view?usp=drive_link
247,ESCUELA DE PINGUINOS,https://drive.google.com/file/d/1T-b5btQInvMTlaMkKCX9jqmxTyPFscv2/view?usp=drive_link
271,LAPSUS,https://drive.google.com/file/d/1t5_NuoMrxDpcSvJvAhpWySeC9PNcOP0h/view?usp=drive_link
155,TRIO VISION,https://drive.google.com/file/d/1t5IMW122MCteO5HMTyZ_H-KDkcBsNkJR/view?usp=drive_link
249,TACO GORRO TORTA CAJA PIZZA,https://drive.google.com/file/d/1T7vCT9mWV5pS29YqntAmvAgRi9mtzcRS/view?usp=drive_link
74,PENGOLOO,https://drive.google.com/file/d/1taDCbpZDrv5CcL3BKVrOC6nT0KGyFp60/view?usp=drive_link
292,VOZ FUTURO,https://drive.google.com/file/d/1TBumzXWNDvahgI_hev2Et9UvSaJyTRH4/view?usp=drive_link
204,PISTAS CRUZADAS,https://drive.google.com/file/d/1TC1O6QActmTMSilBI4szOwSVI7A-NxBu/view?usp=drive_link
63,MAGIC MAZE,https://drive.google.com/file/d/1tD4dsNlgrnIMsolc7NBHKNCv5B-F6uNI/view?usp=drive_link
288,SPEEDY ANTS,https://drive.google.com/file/d/1TemmRbvDGjmKCEUVboHmvLHfDo5UH_EU/view?usp=drive_link
156,SOPA DE BICHOS,https://drive.google.com/file/d/1TFfPR31adQEboziJrLDQLqyyALh3368M/view?usp=drive_link
195,EL ABEJORRO TRAMPOSO,https://drive.google.com/file/d/1tk4FhOQC55b-D-0SRbjGlVO6PcUm6seY/view?usp=drive_link
71,MUSA,https://drive.google.com/file/d/1TOVHWt1ck2_P6eG7eGCT7f_oqXKuAEac/view?usp=drive_link
293,LOCO LOCO LOCO,https://drive.google.com/file/d/1tsuo96q7EoP_u-RiKem_EcciDEWQYH3f/view?usp=drive_link
35,FLUXX,https://drive.google.com/file/d/1tTf1L--fJLfZeZ1w539Ce-_6DNMSkHbd/view?usp=drive_link
254,AVALON,https://drive.google.com/file/d/1tTYTJVLRGzrydATgRxd7wBGjzt4YfZy8/view?usp=drive_link
201,COVALENCE,https://drive.google.com/file/d/1u1AJ8Rsrig2iQ6sKm2elQm_a7XzMC2g0/view?usp=drive_link
302,DRAFTOSAURUS,https://drive.google.com/file/d/1u9bYiQyk6_yMOyeUx3Yzv8Tvm1uhyN9E/view?usp=drive_link
250,BANJOOLI XEET,https://drive.google.com/file/d/1uK16GcO84-MkgulgEE5bSUmZDfTf08TT/view?usp=drive_link
144,PLANETA,https://drive.google.com/file/d/1umcwEXHqpv8UEocu7pl5oymJgjfRaYbO/view?usp=drive_link
107,BYE BYE OVEJA NEGRA,https://drive.google.com/file/d/1uQeiGnsph5F5_pJ1pzmS-NVUggg8dVLt/view?usp=drive_link
240,PLAPPA RAGEI,https://drive.google.com/file/d/1UQFzTnUHyYMusQRRkbSvKJj5KtOhedK4/view?usp=drive_link
189,PANDEMIC RESPUESTA RÁPIDA,https://drive.google.com/file/d/1UTXgvp49rKIX9zqfvp0qsqxU6vcboT_N/view?usp=drive_link
57,LA TORRE ENCANTADA,https://drive.google.com/file/d/1UVhRR15y-IopxBW9Esb3P22Lvjh_zWkd/view?usp=drive_link
118,BANG EL JUEGO DE DADOS,https://drive.google.com/file/d/1V4EnJfMQIM4lRjTPsyaVrM6Y4sCqieBG/view?usp=drive_link
132,EL LABERINTO MÁGICO,https://drive.google.com/file/d/1vL50nVuP8J_ZrJdV5faegKCBqRgqcG8a/view?usp=drive_link
11,CÓDIGO SECRETO 13+4,https://drive.google.com/file/d/1VOg4MdTmu3jVBIrDLd2oSS_JjRc1LKWn/view?usp=drive_link
53,KINGDOMINO,https://drive.google.com/file/d/1vons5VrK8IxD8LzR_xaHEbF8BjwUP5JF/view?usp=drive_link
94,MICRO ROBOTS,https://drive.google.com/file/d/1VZ9Jm2kKaq_OQbIbnMqml9IpGdEj1OgH/view?usp=drive_link
23,DOBBLE KIDS,https://drive.google.com/file/d/1W1yOWGynHvh35m7r8C9h4KW_2Rsup2is/view?usp=drive_link
91,VAMOS X LOS TESOROS,https://drive.google.com/file/d/1WA9JiygJF1_u78xe0IAG8BF1dK9K_kr1/view?usp=drive_link
188,TACO GATO CABRA QUESO PIZZA,https://drive.google.com/file/d/1WMROk7kS8BE2i2aV39gkjYKEoiUKI1T1/view?usp=drive_link
268,EUROPE DIVIDED,https://drive.google.com/file/d/1wQlhZllDp2a9qfik4pe30BdS8SP-snM_/view?usp=drive_link
124,SHERIFF OF NOTTINGHAM,https://drive.google.com/file/d/1WT93TGU56zq7KRdIX2vsVl1y-UKO3ZnZ/view?usp=drive_link
182,LOS ODIOSOS 7,https://drive.google.com/file/d/1x3QsiEFW4OUv9kzA20FvMDpOsLYcYPuO/view?usp=drive_link
101,GRANDE Y PELUDO,https://drive.google.com/file/d/1X4lrZjFqJap0y0OSa52J0n0cjF_3W0ye/view?usp=drive_link
1,"1, 2, 3 AHORA ME VES...",https://drive.google.com/file/d/1X7ErdgHwVIgDyjT2ld1mlIpCwqmM-egx/view?usp=drive_link
206,KNISTER,https://drive.google.com/file/d/1X96iYQ9sLNOqVct5J_qjSkuRZGUUgIeR/view?usp=drive_link
183,BRUXELLES,https://drive.google.com/file/d/1xEbq9E0Z2VLUardO1YHV5mXlBPAhHmzV/view?usp=drive_link
267,ELECTROPOLIS,https://drive.google.com/file/d/1XUT5z_rPAkgJ_EXO-ZiP82dkzCvqErRX/view?usp=drive_link
298,RAT-A-TAT-CAT,https://drive.google.com/file/d/1Y4tcr3OujSSbGJW8CKUDSrJTf1puyFDd/view?usp=drive_link
272,RED 7,https://drive.google.com/file/d/1yAym7hSsX27jIpRDFhsP_-NoUeO5Ju4V/view?usp=drive_link
122,CONEJITO BURBUJA,https://drive.google.com/file/d/1YfzqCd6XjqEoTmYfCTLK8WUNvVUi6F9B/view?usp=drive_link
266,EL HOMBRE LOBO EDICIÓN DEFINITIVA,https://drive.google.com/file/d/1YTIGrxKFVieUC6hmHo0z4H7b1cVdqs8W/view?usp=drive_link
278,EL FRUTALITO,https://drive.google.com/file/d/1yUH5LWR68KuY_ks-untAipuo8YzAQqgk/view?usp=drive_link
105,TOMA 6,https://drive.google.com/file/d/1Yx9Ev05Y7415FmQ1lhfjdX7AwPLN_Qum/view?usp=drive_link
38,GO GO GELATO,https://drive.google.com/file/d/1YZtqNbpsOSlc5Y7d1FOfHvYY2oQnHFZF/view?usp=drive_link
32,FANTASMA BLITZ,https://drive.google.com/file/d/1zBial8jJ6bTcKDAz1vNn_kbHENvD7mTQ/view?usp=drive_link
4,BAR BESTIAL,https://drive.google.com/file/d/1ZF1IhY5HVoerXKW4lT8qgPVy1CZNmsEi/view?usp=drive_link
41,HOMBRES LOBO DE CASTONEGRO,https://drive.google.com/file/d/1ZjPJsbNTZaQ3jQprernQKHGX1kIy0uxW/view?usp=drive_link
242,KNIFFEL NIÑOS,https://drive.google.com/file/d/1ZoP2drVd_WhdnVXkLRUfRfJXVg5dRiSY/view?usp=drive_link
73,PANDEMIC,https://drive.google.com/file/d/1zpf22ryzZKx7GiWHiHdUwVf3eGvu71Mc/view?usp=drive_link
34,FAST FOOD FEAR,https://drive.google.com/file/d/1zUofVsOdEpIfOqMB9eQqGetynLGmtE5h/view?usp=drive_link
106,VAYA TOMATE,https://drive.google.com/file/d/1zutQZ9As9Zg4N90LPvFzbJhlS1Hd_eAW/view?usp=drive_link
28,EL MONSTRUO DE LOS CALCETINES,https://drive.google.com/file/d/1zX0Fc7HdKA-SfcmLd0rUiNXrJEQUz3ri/view?usp=drive_link
33,FANTASMA BLITZ: ¡MENUDO SUSTO!,https://drive.google.com/file/d/1ZXKhhSX3_CfccuEm-L3V5mEsGpSaofiP/view?usp=drive_link
146,PICK A CERDO,https://drive.google.com/file/d/1zykqsAcI7kuJCjfixa2MLVc2vcIgvYWJ/view?usp=drive_link